product_category_name,category_cn,revenue_2017,orders_2017,items_2017,revenue_2018,orders_2018,items_2018,lifecycle,sales_growth,order_growth,revenue_per_category_order_growth,quadrant,small_base
portateis_cozinha_e_preparadores_de_alimentos,便携厨房与食品加工电器,0.00000000,0.00000000,0.00000000,3933.63000000,13.00000000,14.00000000,2018新增,,,,,
fraldas_higiene,纸尿裤及卫生护理,0.00000000,0.00000000,0.00000000,1327.89000000,24.00000000,35.00000000,2018新增,,,,,
flores,鲜花花艺,0.00000000,0.00000000,0.00000000,839.54000000,21.00000000,25.00000000,2018新增,,,,,
seguros_e_servicos,安防及相关服务,183.29000000,1.00000000,1.00000000,0.00000000,0.00000000,0.00000000,2018退出,,,,,
beleza_saude,健康美妆,247457.95000000,1730.00000000,1872.00000000,770002.81000000,5375.00000000,5924.00000000,两期动销,2.11165113,2.10693642,0.00151748,明星,False
relogios_presentes,腕表礼品,206284.44000000,801.00000000,858.00000000,708305.95000000,3485.00000000,3695.00000000,两期动销,2.43363731,3.35081149,-0.21080531,明星,False
cama_mesa_banho,床品卫浴餐桌用品,259621.24000000,2294.00000000,2613.00000000,537514.13000000,4898.00000000,5873.00000000,两期动销,1.07037810,1.13513514,-0.03032924,瘦狗,False
esporte_lazer,运动休闲,224596.75000000,1791.00000000,2040.00000000,530182.18000000,4035.00000000,4503.00000000,两期动销,1.36059596,1.25293132,0.04778869,瘦狗,False
informatica_acessorios,电脑及配件,219638.68000000,1435.00000000,1694.00000000,502432.09000000,4030.00000000,4683.00000000,两期动销,1.28753920,1.80836237,-0.18545440,金牛,False
utilidades_domesticas,家居日用,131132.61000000,1425.00000000,1677.00000000,397688.06000000,3399.00000000,4020.00000000,两期动销,2.03271673,1.38526316,0.27143905,潜力,False
moveis_decoracao,家具家居装饰,180301.14000000,1783.00000000,2239.00000000,385312.01000000,3186.00000000,4098.00000000,两期动销,1.13704700,0.78687605,0.19596824,瘦狗,False
automotivo,汽车用品,128278.06000000,699.00000000,797.00000000,346632.44000000,2448.00000000,2610.00000000,两期动销,1.70219584,2.50214592,-0.22841712,明星,False
bebes,母婴用品,70328.57000000,576.00000000,614.00000000,256086.70000000,1656.00000000,1761.00000000,两期动销,2.64128973,1.87500000,0.26653556,明星,False
cool_stuff,潮流新奇好物,211947.62000000,1233.00000000,1292.00000000,230752.41000000,1409.00000000,1466.00000000,两期动销,0.08872376,0.14274128,-0.04727012,瘦狗,False
ferramentas_jardim,园艺工具,143767.89000000,900.00000000,1070.00000000,214518.33000000,1531.00000000,1874.00000000,两期动销,0.49211573,0.70111111,-0.12285816,瘦狗,False
telefonia,手机通讯,60745.02000000,1035.00000000,1108.00000000,179751.54000000,2153.00000000,2330.00000000,两期动销,1.95911566,1.08019324,0.42251960,潜力,False
perfumaria,香水香氛,123489.57000000,798.00000000,846.00000000,176944.81000000,1478.00000000,1627.00000000,两期动销,0.43287251,0.85213033,-0.22636518,瘦狗,False
brinquedos,玩具,119703.01000000,1021.00000000,1069.00000000,169710.67000000,1395.00000000,1472.00000000,两期动销,0.41776443,0.36630754,0.03766128,瘦狗,False
moveis_escritorio,办公家具,76897.67000000,398.00000000,488.00000000,143270.11000000,647.00000000,882.00000000,两期动销,0.86312680,0.62562814,0.14609655,瘦狗,False
papelaria,文具,37276.56000000,365.00000000,387.00000000,135468.72000000,1389.00000000,1525.00000000,两期动销,2.63415294,2.80547945,-0.04502101,明星,False
pet_shop,宠物用品,49750.29000000,411.00000000,464.00000000,128053.24000000,1011.00000000,1155.00000000,两期动销,1.57391947,1.45985401,0.04637082,明星,False
construcao_ferramentas_construcao,建筑施工工具,3511.49000000,23.00000000,29.00000000,124349.41000000,642.00000000,794.00000000,两期动销,34.41214983,26.91304348,0.26865957,明星,True
instrumentos_musicais,乐器,37431.40000000,119.00000000,130.00000000,107746.08000000,373.00000000,396.00000000,两期动销,1.87849453,2.13445378,-0.08165992,明星,False
eletronicos,电子数码,29614.23000000,344.00000000,377.00000000,101000.39000000,1722.00000000,1853.00000000,两期动销,2.41053575,4.00581395,-0.31868508,明星,False
eletroportateis,小型家电,66547.03000000,186.00000000,196.00000000,87850.96000000,319.00000000,353.00000000,两期动销,0.32013345,0.71505376,-0.23026702,瘦狗,False
eletrodomesticos_2,大家电 2,12470.82000000,49.00000000,50.00000000,86902.86000000,145.00000000,148.00000000,两期动销,5.96849606,1.95918367,1.35487108,明星,False
fashion_bolsas_e_acessorios,时尚箱包配饰,38137.63000000,516.00000000,570.00000000,70182.19000000,829.00000000,879.00000000,两期动销,0.84023470,0.60658915,0.14542956,瘦狗,False
malas_acessorios,行李箱包配件,51223.31000000,361.00000000,381.00000000,64023.09000000,467.00000000,491.00000000,两期动销,0.24988194,0.29362881,-0.03381717,瘦狗,False
consoles_games,游戏主机及游戏,46956.32000000,285.00000000,304.00000000,63775.71000000,383.00000000,414.00000000,两期动销,0.35819225,0.34385965,0.01066525,瘦狗,False
pcs,电脑整机,39448.99000000,31.00000000,31.00000000,63732.34000000,58.00000000,74.00000000,两期动销,0.61556329,0.87096774,-0.13650928,瘦狗,False
casa_construcao,家装建材,6721.45000000,24.00000000,37.00000000,59057.67000000,378.00000000,460.00000000,两期动销,7.78644786,14.75000000,-0.44213029,明星,True
eletrodomesticos,大家电,14232.62000000,181.00000000,184.00000000,56150.41000000,522.00000000,526.00000000,两期动销,2.94519140,1.88397790,0.36796866,明星,False
portateis_casa_forno_e_cafe,小型家电‑烤箱咖啡设备,180.96000000,3.00000000,3.00000000,46623.76000000,71.00000000,72.00000000,两期动销,256.64677277,22.66666667,9.88648336,明星,True
agro_industria_e_comercio,农林工商业,4610.74000000,18.00000000,22.00000000,43351.27000000,134.00000000,151.00000000,两期动销,8.40223695,6.44444444,0.26298705,明星,True
construcao_ferramentas_iluminacao,工程照明工具,949.00000000,3.00000000,3.00000000,35948.52000000,226.00000000,284.00000000,两期动销,36.88042150,74.33333333,-0.49716255,明星,True
moveis_sala,客厅家具,23668.79000000,138.00000000,171.00000000,33632.15000000,213.00000000,241.00000000,两期动销,0.42094928,0.54347826,-0.07938498,瘦狗,False
audio,音频影音,7815.34000000,69.00000000,72.00000000,32960.94000000,187.00000000,195.00000000,两期动销,3.21746719,1.71014493,0.55617773,明星,False
construcao_ferramentas_seguranca,工程安全工具,767.90000000,4.00000000,4.00000000,31324.22000000,128.00000000,146.00000000,两期动销,39.79205626,31.00000000,0.27475176,明星,True
industria_comercio_e_negocios,工业商业商务用品,2356.63000000,12.00000000,12.00000000,30573.44000000,197.00000000,229.00000000,两期动销,11.97337299,15.41666667,-0.20974378,明星,True
moveis_cozinha_area_de_servico_jantar_e_jardim,厨房、餐厨、洗衣、庭院家具,5399.26000000,43.00000000,46.00000000,27348.73000000,139.00000000,158.00000000,两期动销,4.06527376,2.23255814,0.56695519,明星,False
telefonia_fixa,固定电话,10726.40000000,102.00000000,126.00000000,27005.39000000,85.00000000,100.00000000,两期动销,1.51765644,-0.16666667,2.02118772,潜力,False
livros_interesse_geral,大众通俗书籍,11853.89000000,120.00000000,128.00000000,26966.09000000,287.00000000,313.00000000,两期动销,1.27487264,1.39166667,-0.04883374,金牛,False
climatizacao,空调设备,19214.12000000,78.00000000,88.00000000,24864.96000000,133.00000000,156.00000000,两期动销,0.29409830,0.70512821,-0.24105513,瘦狗,False
casa_conforto,居家舒适用品,21863.26000000,143.00000000,159.00000000,20883.45000000,148.00000000,156.00000000,两期动销,-0.04481537,0.03496503,-0.07708512,瘦狗,False
alimentos,食品,5403.77000000,60.00000000,62.00000000,20425.72000000,340.00000000,381.00000000,两期动销,2.77990181,4.66666667,-0.33295850,明星,False
bebidas,饮品,1197.66000000,12.00000000,19.00000000,17424.64000000,222.00000000,287.00000000,两期动销,13.54890370,17.50000000,-0.21357277,明星,True
sinalizacao_e_seguranca,安防报警设备,1893.80000000,18.00000000,20.00000000,17066.24000000,105.00000000,153.00000000,两期动销,8.01163798,4.83333333,0.54485222,明星,True
construcao_ferramentas_jardim,园艺施工工具（拼写变体）,5585.99000000,30.00000000,39.00000000,16774.39000000,129.00000000,157.00000000,两期动销,2.00293950,3.30000000,-0.30164198,明星,False
artes,艺术用品,8363.95000000,26.00000000,31.00000000,14875.85000000,165.00000000,167.00000000,两期动销,0.77856754,5.34615385,-0.71974087,金牛,True
livros_tecnicos,专业技术书籍,2441.28000000,20.00000000,20.00000000,13066.84000000,216.00000000,222.00000000,两期动销,4.35245445,9.80000000,-0.50440237,明星,True
construcao_ferramentas_ferramentas,通用施工工具,1532.90000000,3.00000000,3.00000000,11816.66000000,76.00000000,81.00000000,两期动销,6.70869594,24.33333333,-0.69570937,明星,True
moveis_quarto,卧室家具,5886.11000000,29.00000000,33.00000000,11181.17000000,55.00000000,64.00000000,两期动销,0.89958563,0.89655172,0.00159970,瘦狗,True
fashion_calcados,时尚鞋履,8978.90000000,111.00000000,124.00000000,8496.67000000,68.00000000,71.00000000,两期动销,-0.05370702,-0.38738739,0.54468412,瘦狗,False
alimentos_bebidas,食品饮料,1270.40000000,39.00000000,49.00000000,7696.74000000,118.00000000,146.00000000,两期动销,5.05851700,2.02564103,1.00239121,明星,False
market_place,综合集市,15190.73000000,132.00000000,138.00000000,7565.57000000,95.00000000,107.00000000,两期动销,-0.50196139,-0.28030303,-0.30798846,瘦狗,False
cine_foto,摄影摄像,315.00000000,5.00000000,5.00000000,6238.46000000,57.00000000,64.00000000,两期动销,18.80463492,10.40000000,0.73724868,明星,True
artigos_de_natal,圣诞节日用品,377.69000000,6.00000000,7.00000000,5945.90000000,78.00000000,90.00000000,两期动销,14.74280495,12.00000000,0.21098500,明星,True
musica,音乐周边,1503.49000000,10.00000000,10.00000000,4475.96000000,27.00000000,27.00000000,两期动销,1.97704674,1.70000000,0.10260990,明星,True
livros_importados,进口图书,278.99000000,4.00000000,5.00000000,3515.86000000,40.00000000,44.00000000,两期动销,11.60210043,9.00000000,0.26021004,明星,True
artigos_de_festas,派对用品,69.90000000,1.00000000,1.00000000,2621.79000000,29.00000000,32.00000000,两期动销,36.50772532,28.00000000,0.29336984,明星,True
fashion_underwear_e_moda_praia,内衣及沙滩服饰,2700.35000000,41.00000000,44.00000000,2469.00000000,38.00000000,43.00000000,两期动销,-0.08567408,-0.07317073,-0.01349045,瘦狗,False
fashion_roupa_masculina,男士时尚服饰,4870.87000000,53.00000000,62.00000000,2301.87000000,24.00000000,26.00000000,两期动销,-0.52742118,-0.54716981,0.04361156,瘦狗,False
moveis_colchao_e_estofado,家具床垫软装,1324.08000000,7.00000000,7.00000000,1819.80000000,20.00000000,20.00000000,两期动销,0.37438825,1.85714286,-0.51896411,金牛,True
artes_e_artesanato,手工艺术工艺品,151.89000000,2.00000000,2.00000000,1662.12000000,21.00000000,22.00000000,两期动销,9.94291922,9.50000000,0.04218278,明星,True
tablets_impressao_imagem,平板、打印与影像设备,5157.75000000,43.00000000,45.00000000,1267.96000000,20.00000000,22.00000000,两期动销,-0.75416412,-0.53488372,-0.47145286,瘦狗,False
dvds_blu_ray,DVD 蓝光碟片,3012.69000000,25.00000000,27.00000000,1132.71000000,22.00000000,25.00000000,两期动销,-0.62402039,-0.12000000,-0.57275045,瘦狗,True
pc_gamer,游戏电脑,519.96000000,4.00000000,4.00000000,786.99000000,3.00000000,4.00000000,两期动销,0.51355874,-0.25000000,1.01807831,瘦狗,True
la_cuisine,餐厨精品,999.99000000,8.00000000,8.00000000,781.00000000,3.00000000,4.00000000,两期动销,-0.21899219,-0.62500000,1.08268749,瘦狗,True
fashion_roupa_feminina,女士时尚服饰（拼写变体）,1696.50000000,24.00000000,24.00000000,616.66000000,8.00000000,16.00000000,两期动销,-0.63651046,-0.66666667,0.09046861,瘦狗,True
fashion_esporte,运动服饰,1185.71000000,17.00000000,17.00000000,369.50000000,5.00000000,5.00000000,两期动销,-0.68837237,-0.70588235,0.05953395,瘦狗,True
fashion_roupa_infanto_juvenil,儿童时尚服饰,269.90000000,3.00000000,3.00000000,169.97000000,3.00000000,3.00000000,两期动销,-0.37024824,0.00000000,-0.37024824,瘦狗,True
casa_conforto_2,居家舒适用品 2,493.08000000,10.00000000,11.00000000,151.09000000,7.00000000,10.00000000,两期动销,-0.69357914,-0.30000000,-0.56225591,瘦狗,True
cds_dvds_musicais,CD、DVD 音乐光碟,360.00000000,6.00000000,8.00000000,65.00000000,1.00000000,1.00000000,两期动销,-0.81944444,-0.83333333,0.08333333,瘦狗,True
