product_category_name,category_cn,quadrant,delivered_quadrant,same_quadrant
agro_industria_e_comercio,农林工商业,明星,明星,True
alimentos,食品,明星,明星,True
alimentos_bebidas,食品饮料,明星,明星,True
artes,艺术用品,金牛,金牛,True
artes_e_artesanato,手工艺术工艺品,明星,明星,True
artigos_de_festas,派对用品,明星,明星,True
artigos_de_natal,圣诞节日用品,明星,明星,True
audio,音频影音,明星,明星,True
automotivo,汽车用品,明星,明星,True
bebes,母婴用品,明星,明星,True
bebidas,饮品,明星,明星,True
beleza_saude,健康美妆,明星,明星,True
brinquedos,玩具,瘦狗,瘦狗,True
cama_mesa_banho,床品卫浴餐桌用品,瘦狗,瘦狗,True
casa_conforto,居家舒适用品,瘦狗,瘦狗,True
casa_conforto_2,居家舒适用品 2,瘦狗,瘦狗,True
casa_construcao,家装建材,明星,明星,True
cds_dvds_musicais,CD、DVD 音乐光碟,瘦狗,瘦狗,True
cine_foto,摄影摄像,明星,明星,True
climatizacao,空调设备,瘦狗,瘦狗,True
consoles_games,游戏主机及游戏,瘦狗,瘦狗,True
construcao_ferramentas_construcao,建筑施工工具,明星,明星,True
construcao_ferramentas_ferramentas,通用施工工具,明星,明星,True
construcao_ferramentas_iluminacao,工程照明工具,明星,明星,True
construcao_ferramentas_jardim,园艺施工工具（拼写变体）,明星,明星,True
construcao_ferramentas_seguranca,工程安全工具,明星,明星,True
cool_stuff,潮流新奇好物,瘦狗,瘦狗,True
dvds_blu_ray,DVD 蓝光碟片,瘦狗,瘦狗,True
eletrodomesticos,大家电,明星,明星,True
eletrodomesticos_2,大家电 2,明星,明星,True
eletronicos,电子数码,明星,明星,True
eletroportateis,小型家电,瘦狗,瘦狗,True
esporte_lazer,运动休闲,瘦狗,瘦狗,True
fashion_bolsas_e_acessorios,时尚箱包配饰,瘦狗,瘦狗,True
fashion_calcados,时尚鞋履,瘦狗,瘦狗,True
fashion_esporte,运动服饰,瘦狗,瘦狗,True
fashion_roupa_feminina,女士时尚服饰（拼写变体）,瘦狗,瘦狗,True
fashion_roupa_infanto_juvenil,儿童时尚服饰,瘦狗,瘦狗,True
fashion_roupa_masculina,男士时尚服饰,瘦狗,瘦狗,True
fashion_underwear_e_moda_praia,内衣及沙滩服饰,瘦狗,瘦狗,True
ferramentas_jardim,园艺工具,瘦狗,瘦狗,True
industria_comercio_e_negocios,工业商业商务用品,明星,明星,True
informatica_acessorios,电脑及配件,金牛,金牛,True
instrumentos_musicais,乐器,明星,明星,True
la_cuisine,餐厨精品,瘦狗,瘦狗,True
livros_importados,进口图书,明星,明星,True
livros_interesse_geral,大众通俗书籍,金牛,瘦狗,False
livros_tecnicos,专业技术书籍,明星,明星,True
malas_acessorios,行李箱包配件,瘦狗,瘦狗,True
market_place,综合集市,瘦狗,瘦狗,True
moveis_colchao_e_estofado,家具床垫软装,金牛,金牛,True
moveis_cozinha_area_de_servico_jantar_e_jardim,厨房、餐厨、洗衣、庭院家具,明星,明星,True
moveis_decoracao,家具家居装饰,瘦狗,瘦狗,True
moveis_escritorio,办公家具,瘦狗,瘦狗,True
moveis_quarto,卧室家具,瘦狗,瘦狗,True
moveis_sala,客厅家具,瘦狗,瘦狗,True
musica,音乐周边,明星,明星,True
papelaria,文具,明星,明星,True
pc_gamer,游戏电脑,瘦狗,瘦狗,True
pcs,电脑整机,瘦狗,瘦狗,True
perfumaria,香水香氛,瘦狗,瘦狗,True
pet_shop,宠物用品,明星,明星,True
portateis_casa_forno_e_cafe,小型家电‑烤箱咖啡设备,明星,明星,True
relogios_presentes,腕表礼品,明星,明星,True
sinalizacao_e_seguranca,安防报警设备,明星,明星,True
tablets_impressao_imagem,平板、打印与影像设备,瘦狗,瘦狗,True
telefonia,手机通讯,潜力,潜力,True
telefonia_fixa,固定电话,潜力,潜力,True
utilidades_domesticas,家居日用,潜力,潜力,True
